Pioneer Preliminary MAY 1 2020  ;Pioneer Super APRIL 30 2020  ;Pioneer Preliminary APRIL 30 2020  ;Pioneer League APRIL 30 2020  ;Pioneer Preliminary APRIL 29 2020  ;Pioneer Challenge APRIL 27 2020  ;Pioneer League APRIL 27 2020  ;Pioneer Challenge APRIL 26 2020  ;Pioneer Super APRIL 25 2020  ;Pioneer Preliminary APRIL 25 2020  ;Pioneer Preliminary APRIL 23 2020  ;Pioneer Super APRIL 23 2020  ;Pioneer League APRIL 23 2020  ;Pioneer Preliminary APRIL 22 2020  ;Pioneer Challenge APRIL 20 2020  ;Pioneer League APRIL 20 2020  ;Pioneer Super APRIL 18 2020  ;Pioneer Preliminary APRIL 18 2020  
Lurrus of the Dream-Den;Other;Lurrus of the Dream-Den;Other;Other;Other;Lurrus of the Dream-Den;Other;Other;Other;Lurrus of the Dream-Den;Yorion, Sky Nomad;Lurrus of the Dream-Den;Yorion, Sky Nomad;Lurrus of the Dream-Den;Other;Lurrus of the Dream-Den;Other
Zirda, the Dawnwaker;Lurrus of the Dream-Den;Other;Obosh, the Preypiercer;Yorion, Sky Nomad;Lurrus of the Dream-Den;Kaheera, the Orphanguard;Kaheera, the Orphanguard;Lurrus of the Dream-Den;Lurrus of the Dream-Den;Yorion, Sky Nomad;Yorion, Sky Nomad;Lurrus of the Dream-Den;Lurrus of the Dream-Den;Lurrus of the Dream-Den;Other;Obosh, the Preypiercer;Other
Yorion, Sky Nomad;Lurrus of the Dream-Den;Lurrus of the Dream-Den;Lurrus of the Dream-Den;Yorion, Sky Nomad;Yorion, Sky Nomad;Lurrus of the Dream-Den;Other;Lurrus of the Dream-Den;Yorion, Sky Nomad;Lurrus of the Dream-Den;Obosh, the Preypiercer;Yorion, Sky Nomad;Lurrus of the Dream-Den;Lurrus of the Dream-Den;Other;Lurrus of the Dream-Den;Other
Other;Lurrus of the Dream-Den;Other;Other;Other;Other;Other;Yorion, Sky Nomad;Yorion, Sky Nomad;Obosh, the Preypiercer;Lurrus of the Dream-Den;Lurrus of the Dream-Den;Lurrus of the Dream-Den;Lurrus of the Dream-Den;Lurrus of the Dream-Den;Other;Gyruda, Doom of Depths;Other
Lurrus of the Dream-Den;Jegantha, the Wellspring;Lurrus of the Dream-Den;Lurrus of the Dream-Den;Yorion, Sky Nomad;Other;Lurrus of the Dream-Den;Yorion, Sky Nomad;Lurrus of the Dream-Den;Other;Jegantha, the Wellspring;Lurrus of the Dream-Den;Yorion, Sky Nomad;Other;Lurrus of the Dream-Den;Other;Other;Jegantha, the Wellspring
Zirda, the Dawnwaker;Yorion, Sky Nomad;Yorion, Sky Nomad;Jegantha, the Wellspring;Lurrus of the Dream-Den;Other;Obosh, the Preypiercer;Lurrus of the Dream-Den;Other;Other;Yorion, Sky Nomad;Yorion, Sky Nomad;Obosh, the Preypiercer;Obosh, the Preypiercer;Other;Other;Other;Other
Other;Yorion, Sky Nomad;Other;Lurrus of the Dream-Den;Other;Lurrus of the Dream-Den;Yorion, Sky Nomad;Other;Yorion, Sky Nomad;Jegantha, the Wellspring;Lurrus of the Dream-Den;Lurrus of the Dream-Den;Yorion, Sky Nomad;Lurrus of the Dream-Den;Other;Yorion, Sky Nomad;Other;Other
Other;Lurrus of the Dream-Den;Lurrus of the Dream-Den;Obosh, the Preypiercer;Yorion, Sky Nomad;Other;Yorion, Sky Nomad;Yorion, Sky Nomad;Other;Lurrus of the Dream-Den;Lurrus of the Dream-Den;Lurrus of the Dream-Den;Lurrus of the Dream-Den;Other;Obosh, the Preypiercer;Other;Other;Other
Yorion, Sky Nomad;Obosh, the Preypiercer;Yorion, Sky Nomad;Lurrus of the Dream-Den;Other;Obosh, the Preypiercer;Other;Yorion, Sky Nomad;Yorion, Sky Nomad;Yorion, Sky Nomad;Lurrus of the Dream-Den;Lurrus of the Dream-Den;Other;Lurrus of the Dream-Den;Obosh, the Preypiercer;Lurrus of the Dream-Den;Other;Other
Other;Other;Yorion, Sky Nomad;Lurrus of the Dream-Den;Gyruda, Doom of Depths;Other;Yorion, Sky Nomad;Yorion, Sky Nomad;Yorion, Sky Nomad;Yorion, Sky Nomad;Lurrus of the Dream-Den;Other;Other;Yorion, Sky Nomad;Jegantha, the Wellspring;Lurrus of the Dream-Den;Other;Other
;Other;Gyruda, Doom of Depths;Yorion, Sky Nomad;Zirda, the Dawnwaker;Yorion, Sky Nomad;Yorion, Sky Nomad;Gyruda, Doom of Depths;Yorion, Sky Nomad;;;Kaheera, the Orphanguard;Lurrus of the Dream-Den;Lurrus of the Dream-Den;Obosh, the Preypiercer;Other;Other;Yorion, Sky Nomad
;Lurrus of the Dream-Den;Lurrus of the Dream-Den;Yorion, Sky Nomad;Yorion, Sky Nomad;Other;Lurrus of the Dream-Den;Other;Lurrus of the Dream-Den;;;Other;Other;Lurrus of the Dream-Den;Other;Lurrus of the Dream-Den;Obosh, the Preypiercer;Other
;Lurrus of the Dream-Den;Lurrus of the Dream-Den;Yorion, Sky Nomad;Other;Yorion, Sky Nomad;Other;Lurrus of the Dream-Den;Kaheera, the Orphanguard;;;Obosh, the Preypiercer;Yorion, Sky Nomad;Zirda, the Dawnwaker;Other;Lurrus of the Dream-Den;Lurrus of the Dream-Den;Other
;Lurrus of the Dream-Den;Other;Zirda, the Dawnwaker;Jegantha, the Wellspring;Other;Gyruda, Doom of Depths;Yorion, Sky Nomad;Lurrus of the Dream-Den;;;Lurrus of the Dream-Den;Lurrus of the Dream-Den;Lurrus of the Dream-Den;Lurrus of the Dream-Den;Other;Other;
;Other;Lurrus of the Dream-Den;Yorion, Sky Nomad;Yorion, Sky Nomad;Yorion, Sky Nomad;Yorion, Sky Nomad;Other;Gyruda, Doom of Depths;;;Yorion, Sky Nomad;Other;Yorion, Sky Nomad;Lurrus of the Dream-Den;Other;Other;
;Other;Other;Yorion, Sky Nomad;Other;Other;Lurrus of the Dream-Den;Lurrus of the Dream-Den;Yorion, Sky Nomad;;;Yorion, Sky Nomad;Lurrus of the Dream-Den;Lurrus of the Dream-Den;Other;Lurrus of the Dream-Den;Obosh, the Preypiercer;
;Yorion, Sky Nomad;Yorion, Sky Nomad;Yorion, Sky Nomad;Lurrus of the Dream-Den;Lurrus of the Dream-Den;Yorion, Sky Nomad;Other;Lurrus of the Dream-Den;;;Lurrus of the Dream-Den;Yorion, Sky Nomad;Lurrus of the Dream-Den;Lurrus of the Dream-Den;Other;Other;
;Lurrus of the Dream-Den;;Lurrus of the Dream-Den;Other;Other;Yorion, Sky Nomad;Zirda, the Dawnwaker;Lurrus of the Dream-Den;;;Jegantha, the Wellspring;Obosh, the Preypiercer;Lurrus of the Dream-Den;Other;Other;Lurrus of the Dream-Den;
;Lurrus of the Dream-Den;;Yorion, Sky Nomad;Obosh, the Preypiercer;Lurrus of the Dream-Den;Jegantha, the Wellspring;Yorion, Sky Nomad;Lurrus of the Dream-Den;;;Lurrus of the Dream-Den;Other;Lurrus of the Dream-Den;Other;Obosh, the Preypiercer;Other;
;Other;;Lurrus of the Dream-Den;Gyruda, Doom of Depths;Yorion, Sky Nomad;Lutri, the Spellchaser;Other;Lurrus of the Dream-Den;;;Other;Other;Lurrus of the Dream-Den;Yorion, Sky Nomad;Other;Gyruda, Doom of Depths;
;Lurrus of the Dream-Den;;Lurrus of the Dream-Den;;Other;Yorion, Sky Nomad;Jegantha, the Wellspring;Lurrus of the Dream-Den;;;Lurrus of the Dream-Den;;Lurrus of the Dream-Den;Obosh, the Preypiercer;Other;Other;
;Other;;Yorion, Sky Nomad;;Gyruda, Doom of Depths;Lurrus of the Dream-Den;Yorion, Sky Nomad;Yorion, Sky Nomad;;;Lurrus of the Dream-Den;;Lurrus of the Dream-Den;Other;Other;Lurrus of the Dream-Den;
;Lurrus of the Dream-Den;;Zirda, the Dawnwaker;;Zirda, the Dawnwaker;;Lurrus of the Dream-Den;Other;;;Yorion, Sky Nomad;;;Obosh, the Preypiercer;Lurrus of the Dream-Den;Other;
;Lurrus of the Dream-Den;;Yorion, Sky Nomad;;Yorion, Sky Nomad;;Lurrus of the Dream-Den;Obosh, the Preypiercer;;;Other;;;Lurrus of the Dream-Den;Other;Other;
;Other;;Lurrus of the Dream-Den;;Jegantha, the Wellspring;;Yorion, Sky Nomad;Lurrus of the Dream-Den;;;Lurrus of the Dream-Den;;;Obosh, the Preypiercer;Other;Other;
;Other;;Yorion, Sky Nomad;;Yorion, Sky Nomad;;Lurrus of the Dream-Den;Other;;;Lurrus of the Dream-Den;;;Other;Yorion, Sky Nomad;Other;
;Yorion, Sky Nomad;;;;Lurrus of the Dream-Den;;Lurrus of the Dream-Den;Other;;;Other;;;Lurrus of the Dream-Den;Other;Other;
;Yorion, Sky Nomad;;;;Lurrus of the Dream-Den;;Other;Yorion, Sky Nomad;;;Yorion, Sky Nomad;;;Other;Gyruda, Doom of Depths;Other;
;Lurrus of the Dream-Den;;;;Lurrus of the Dream-Den;;Lurrus of the Dream-Den;Yorion, Sky Nomad;;;Other;;;Lurrus of the Dream-Den;Other;Other;
;Lurrus of the Dream-Den;;;;Lurrus of the Dream-Den;;Lurrus of the Dream-Den;Lurrus of the Dream-Den;;;Yorion, Sky Nomad;;;Jegantha, the Wellspring;;Other;
;Other;;;;Jegantha, the Wellspring;;Jegantha, the Wellspring;Lurrus of the Dream-Den;;;Obosh, the Preypiercer;;;Jegantha, the Wellspring;;Other;
;Other;;;;Lurrus of the Dream-Den;;Lurrus of the Dream-Den;Gyruda, Doom of Depths;;;Lurrus of the Dream-Den;;;Other;;Other;
