Standard Challenge APRIL 27 2020  ;Standard League APRIL 27 2020  ;Standard Challenge APRIL 26 2020  ;Standard Preliminary APRIL 23 2020  ;Standard League APRIL 23 2020  ;Standard Super APRIL 22 2020  
Other;Other;Yorion, Sky Nomad;Obosh, the Preypiercer;Keruga, the Macrosage;Keruga, the Macrosage
Other;Other;Keruga, the Macrosage;Lurrus of the Dream-Den;Lurrus of the Dream-Den;Keruga, the Macrosage
Yorion, Sky Nomad;Lurrus of the Dream-Den;Yorion, Sky Nomad;Keruga, the Macrosage;Other;Keruga, the Macrosage
Keruga, the Macrosage;Other;Keruga, the Macrosage;Yorion, Sky Nomad;Other;Yorion, Sky Nomad
Yorion, Sky Nomad;Keruga, the Macrosage;Other;Lurrus of the Dream-Den;Lurrus of the Dream-Den;Obosh, the Preypiercer
Other;Yorion, Sky Nomad;Lurrus of the Dream-Den;Keruga, the Macrosage;Other;Other
Keruga, the Macrosage;Yorion, Sky Nomad;Keruga, the Macrosage;Yorion, Sky Nomad;Other;Keruga, the Macrosage
Keruga, the Macrosage;Other;Other;Other;Other;Keruga, the Macrosage
Other;Other;Obosh, the Preypiercer;Other;Yorion, Sky Nomad;Keruga, the Macrosage
Yorion, Sky Nomad;Lurrus of the Dream-Den;Keruga, the Macrosage;;;Other
Yorion, Sky Nomad;;Yorion, Sky Nomad;;;Keruga, the Macrosage
Lurrus of the Dream-Den;;Other;;;Keruga, the Macrosage
Other;;Other;;;Keruga, the Macrosage
Yorion, Sky Nomad;;Keruga, the Macrosage;;;Yorion, Sky Nomad
Lurrus of the Dream-Den;;Keruga, the Macrosage;;;Lurrus of the Dream-Den
Keruga, the Macrosage;;Umori, the Collector;;;Keruga, the Macrosage
Other;;Lurrus of the Dream-Den;;;Keruga, the Macrosage
Keruga, the Macrosage;;Keruga, the Macrosage;;;Obosh, the Preypiercer
Yorion, Sky Nomad;;Keruga, the Macrosage;;;Other
Other;;Keruga, the Macrosage;;;Yorion, Sky Nomad
Other;;Other;;;Lurrus of the Dream-Den
Yorion, Sky Nomad;;Jegantha, the Wellspring;;;Keruga, the Macrosage
Yorion, Sky Nomad;;Kaheera, the Orphanguard;;;Keruga, the Macrosage
Other;;Keruga, the Macrosage;;;Other
Lurrus of the Dream-Den;;Yorion, Sky Nomad;;;Lurrus of the Dream-Den
Yorion, Sky Nomad;;Yorion, Sky Nomad;;;Obosh, the Preypiercer
Lurrus of the Dream-Den;;Lurrus of the Dream-Den;;;Keruga, the Macrosage
Keruga, the Macrosage;;Keruga, the Macrosage;;;Obosh, the Preypiercer
Other;;Other;;;Other
Other;;Yorion, Sky Nomad;;;Keruga, the Macrosage
Lurrus of the Dream-Den;;Keruga, the Macrosage;;;Other
Yorion, Sky Nomad;;Other;;;Other
